,0.1,0.15,0.2,0.25,0.3,0.35,0.4,0.45,0.5,0.55,0.6,0.65,0.7,0.75,0.8,0.85,0.9,0.95,1.0,1.05,1.1,1.15,1.2,1.25,1.3,1.35,1.4,1.45,1.5,1.55,1.6,1.65,1.7,1.75,1.8,1.85,1.9,1.95,2.0,2.05,2.1,2.15,2.2
0.1,0.0,0.0,0.0,0.0,0.0,0.0,0.0,0.0,0.0,0.0,0.0,0.0,0.0,0.0,0.0,0.0,0.0,0.0,0.0,4.0011203136878324e-05,0.0,0.0,0.0,0.0,0.0,0.0,0.0,0.0,0.0,0.0,0.0,0.0,0.0,0.0,0.0,0.0,0.0,0.0,0.0,0.0,0.0,0.0,0.0
0.15,0.0,0.0,0.0,0.0,0.0,0.0,0.0,0.0,0.0,0.0,0.0,0.0,0.0,0.0,0.0,0.0,0.0,0.0,0.0,2.0005601568439162e-05,0.0,0.0,0.0,0.0,0.0,0.0,0.0,0.0,0.0,2.0005601568439162e-05,2.0005601568439162e-05,0.0,0.0,2.0005601568439162e-05,4.0011203136878324e-05,0.0,2.0005601568439162e-05,0.0,0.0,0.0,0.0,0.0,2.0005601568439162e-05
0.2,4.0011203136878324e-05,2.0005601568439162e-05,0.0,0.0,0.0,2.0005601568439162e-05,0.0,0.0,0.0,0.0,2.0005601568439162e-05,2.0005601568439162e-05,0.0,0.0,0.0,0.0,0.0,0.0,2.0005601568439162e-05,0.0,0.0,0.0,0.0,0.0,0.0,0.0,0.0,0.0,0.0,0.0,0.0,0.0,0.0,0.0,0.0,0.0,0.0,0.0,0.0,0.0,0.0,0.0,0.0
0.25,0.0,0.0,0.0,0.0,0.0,0.0,0.0,2.0005601568439162e-05,0.0,0.0,0.0,0.0,0.0,0.0,0.0,2.0005601568439162e-05,0.0,0.0,0.0,2.0005601568439162e-05,0.0,0.0,0.0,0.0,0.0,0.0,0.0,0.0,0.0,0.0,0.0,0.0,0.0,0.0,0.0,0.0,0.0,0.0,0.0,0.0,0.0,0.0,0.0
0.3,0.0,2.0005601568439162e-05,0.0,0.0,0.0,0.0,0.0,0.0,0.0,0.0,0.0,0.0,0.0,2.0005601568439162e-05,0.0,2.0005601568439162e-05,0.0,0.0,0.0,0.0,2.0005601568439162e-05,2.0005601568439162e-05,0.0,0.0,0.0,0.0,0.0,0.0,0.0,2.0005601568439162e-05,0.0,0.0,0.0,2.0005601568439162e-05,0.0,2.0005601568439162e-05,0.0,0.0,0.0,0.0,0.0,0.0,0.0
0.35,0.0,0.0,0.0,0.0,0.0,0.0,0.0,0.0,0.0,0.0,0.0,0.0,0.0,0.0,0.0,0.0,0.0,0.0,0.0,4.0011203136878324e-05,0.0,0.0,0.0,0.0,0.0,0.0,0.0,0.0,0.0,0.0,0.0,0.0,0.0,0.0,0.0,2.0005601568439162e-05,0.0,0.0,0.0,0.0,0.0,0.0,0.0
0.4,0.0,0.0,0.0,0.0,0.0,2.0005601568439162e-05,0.0,0.0,2.0005601568439162e-05,0.0,0.0,0.0,0.0,0.0,0.0,2.0005601568439162e-05,0.0,0.0,0.0,0.0,0.0,0.0,0.0,0.0,0.0,4.0011203136878324e-05,2.0005601568439162e-05,2.0005601568439162e-05,2.0005601568439162e-05,0.0,4.0011203136878324e-05,4.0011203136878324e-05,0.0,6.0016804705317486e-05,4.0011203136878324e-05,0.0,0.0,2.0005601568439162e-05,2.0005601568439162e-05,2.0005601568439162e-05,0.0,0.0,2.0005601568439162e-05
0.45,0.0,0.0,0.0,0.0,0.0,0.0,0.0,0.0,2.0005601568439162e-05,0.0,0.0,0.0,0.0,2.0005601568439162e-05,0.0,0.0,0.0,2.0005601568439162e-05,0.0,2.0005601568439162e-05,0.0,0.0,0.0,0.0,2.0005601568439162e-05,2.0005601568439162e-05,2.0005601568439162e-05,2.0005601568439162e-05,0.0,2.0005601568439162e-05,0.0,0.0,0.0,0.0,2.0005601568439162e-05,2.0005601568439162e-05,0.0,4.0011203136878324e-05,0.0,0.0,0.0,0.0,0.0
0.5,0.0,0.0,0.0,4.0011203136878324e-05,0.0,2.0005601568439162e-05,4.0011203136878324e-05,0.0,0.0,0.0,0.0,0.0,0.0,0.0,4.0011203136878324e-05,2.0005601568439162e-05,0.0,0.0,0.0,0.0,4.0011203136878324e-05,4.0011203136878324e-05,2.0005601568439162e-05,0.0,6.0016804705317486e-05,4.0011203136878324e-05,4.0011203136878324e-05,8.002240627375665e-05,0.0,2.0005601568439162e-05,6.0016804705317486e-05,2.0005601568439162e-05,4.0011203136878324e-05,2.0005601568439162e-05,2.0005601568439162e-05,4.0011203136878324e-05,2.0005601568439162e-05,2.0005601568439162e-05,4.0011203136878324e-05,0.0001000280078421958,6.0016804705317486e-05,8.002240627375665e-05,4.0011203136878324e-05
0.55,0.0,0.0,0.0,0.0,0.0,0.0,0.0,0.0,0.0,0.0,0.0,2.0005601568439162e-05,0.0,2.0005601568439162e-05,0.0,0.0,0.0,0.0,4.0011203136878324e-05,0.0,2.0005601568439162e-05,2.0005601568439162e-05,4.0011203136878324e-05,4.0011203136878324e-05,4.0011203136878324e-05,6.0016804705317486e-05,2.0005601568439162e-05,4.0011203136878324e-05,6.001680470531749e-05,0.0,4.0011203136878324e-05,0.0,2.0005601568439162e-05,4.0011203136878324e-05,8.002240627375665e-05,0.0,4.0011203136878324e-05,4.0011203136878324e-05,2.0005601568439162e-05,2.0005601568439162e-05,6.0016804705317486e-05,4.0011203136878324e-05,0.00010002800784219582
0.6,0.0,0.0,0.0,0.0,0.0,0.0,0.0,0.0,0.0,0.0,0.0,2.0005601568439162e-05,0.0,2.0005601568439162e-05,0.0,0.0,2.0005601568439162e-05,4.0011203136878324e-05,0.00012003360941063497,8.002240627375666e-05,6.0016804705317486e-05,0.00012003360941063499,0.00014003921097907414,0.00012003360941063499,0.0001800504141159525,0.00012003360941063497,0.00012003360941063497,0.00014003921097907414,0.0002200616172528308,0.0001600448125475133,0.00018005041411595245,0.00024006721882126997,0.0001800504141159525,0.00020005601568439163,0.00020005601568439163,0.00020005601568439163,0.00018005041411595245,0.00020005601568439163,0.00014003921097907414,0.00014003921097907414,0.00014003921097907414,0.0002200616172528308,0.00024006721882126997
0.65,0.0,0.0,0.0,0.0,2.0005601568439162e-05,2.0005601568439162e-05,0.0,0.0,0.0,0.0,0.0,0.0,4.0011203136878324e-05,0.0,2.0005601568439162e-05,6.001680470531749e-05,8.002240627375665e-05,6.0016804705317486e-05,2.0005601568439162e-05,0.00010002800784219582,0.0001600448125475133,0.00014003921097907414,0.00014003921097907414,0.0002800784219581483,0.00020005601568439163,0.0004001120313687832,0.00018005041411595245,0.0002200616172528308,0.00030008402352658747,0.0003801064298003441,0.000360100828231905,0.00048013443764253995,0.00030008402352658747,0.0004401232345056616,0.0005201456407794182,0.00048013443764253995,0.0005201456407794182,0.0005201456407794182,0.00048013443764253995,0.00046012883607410076,0.0004801344376425399,0.000500140039210979,0.0006601848517584925
0.7,0.0,0.0,0.0,0.0,0.0,0.0,2.0006802312786345e-05,0.0,0.0,0.0,2.0006802312786345e-05,6.0020406938359045e-05,0.0,0.0,2.0006802312786345e-05,6.0020406938359045e-05,6.0020406938359045e-05,0.00014004761618950442,0.00010003401156393175,0.00016005441850229076,0.0003401156393173679,0.0002600884300662225,0.00024008162775343618,0.0004201428485685133,0.0005001700578196587,0.0005001700578196587,0.0005601904647580177,0.0005201768601324451,0.0007202448832603084,0.0007402516855730948,0.0007602584878858812,0.0008202788948242402,0.0009203129063881719,0.0009003061040753855,0.000800272092511454,0.0010003401156393173,0.0008402856971370266,0.0008802993017625994,0.0010203469179521038,0.0008802993017625991,0.0009203129063881719,0.0009403197087009583,0.0009403197087009583
0.75,0.0,0.0,0.0,0.0,0.0,0.0,0.0,2.0005601568439162e-05,0.0,4.0011203136878324e-05,0.0,0.0,2.0005601568439162e-05,4.0011203136878324e-05,4.0011203136878324e-05,0.0001600448125475133,0.00012003360941063497,0.0003000840235265874,0.0003200896250950266,0.0002200616172528308,0.0005201456407794182,0.0005401512423478574,0.0007202016564638098,0.0007202016564638098,0.000860240867442884,0.0010202856799903972,0.0009202576721482015,0.001380386508222302,0.001220341695674789,0.0012803585003801066,0.0013403753050854241,0.0012403472972432282,0.001720481734885768,0.0016004481254751329,0.0016804705317488896,0.001480414516064498,0.0014203977113591804,0.0015404313207698155,0.0019205377505701598,0.0015404313207698155,0.001620453727043572,0.0017004761333173288,0.0015604369223382547
0.8,0.0,0.0,0.0,0.0,0.0,0.0,0.0,0.0,0.0,2.0005601568439162e-05,4.0011203136878324e-05,4.0011203136878324e-05,0.0,4.0011203136878324e-05,0.00020005601568439163,0.00014003921097907414,0.00014003921097907414,0.0003601008282319049,0.0003801064298003441,0.0006001680470531749,0.0007001960548953706,0.0013403753050854237,0.0010402912815588364,0.0015604369223382545,0.0015004201176329372,0.001620453727043572,0.001940543352138599,0.001980554555275477,0.0022606329772336255,0.0022406273756651863,0.0027207618133077266,0.002300644180370504,0.0029208178289921176,0.0025207057976233344,0.002560717000760213,0.002580722602328652,0.0028608010242868,0.002760773016444605,0.002940823430560557,0.0031208738446765094,0.0029208178289921176,0.0030008402352658743,0.002940823430560557
0.85,0.0,0.0,0.0,0.0,0.0,0.0,0.0,0.0,2.0005601568439162e-05,0.0,0.0,2.0005601568439162e-05,6.0016804705317486e-05,6.0016804705317486e-05,0.00012003360941063499,0.00024006721882126997,0.00030008402352658747,0.0005601568439162966,0.000980274476853519,0.0010602968831272756,0.0017004761333173288,0.0019205377505701598,0.0024406833913495777,0.0026807506101708483,0.003240907454087144,0.0037610530948665624,0.0039010923058456367,0.004321209938782859,0.004381226743488177,0.005061417196815108,0.004861361181130716,0.0055415516344576475,0.00528147881406794,0.0057216020485736,0.005581562837594527,0.005641579642299843,0.005901652462689554,0.006021686072100188,0.006181730884647701,0.006101708478373945,0.006381786900332093,0.006321770095626776,0.006441803705037411
0.9,0.0,0.0,2.0006802312786345e-05,0.0,0.0,0.0,2.0006802312786345e-05,0.0,4.001360462557269e-05,0.0,2.0006802312786345e-05,6.0020406938359045e-05,4.001360462557269e-05,0.0001600544185022908,0.00010003401156393175,0.0003601224416301542,0.000520176860132445,0.0008602924994498129,0.0013004421503311125,0.0017605986035251983,0.0022207550567192847,0.002760938719164516,0.0034011563931736787,0.004261448892623492,0.004781625752755937,0.005221775403637237,0.0061420883100254085,0.006362163135466059,0.00624212232158934,0.006742292379408999,0.007202448832603084,0.008242802552867974,0.00838285016905748,0.008642938599123701,0.008662945401436488,0.008282816157493548,0.008402856971370266,0.008482884180621411,0.009403197087009584,0.009343176680071223,0.00914310865694336,0.00948322429626073,0.009243142668507292
0.95,0.0,0.0,0.0,0.0,0.0,2.001641345903641e-05,0.0,0.0,2.001641345903641e-05,2.001641345903641e-05,2.001641345903641e-05,2.001641345903641e-05,0.00016013130767229128,0.0002201805480494005,0.0002201805480494005,0.0005404431633939831,0.0011609519806241118,0.0015412638363458036,0.002401969615084369,0.002542084509297624,0.0039032006245120995,0.004703857162873556,0.004944054124381993,0.006405252306891651,0.007326007326007327,0.008687123441221802,0.008947336816189276,0.009868091835304951,0.010648731960207372,0.011449388498568828,0.012430192758061611,0.012250045036930285,0.013150783642586922,0.01327088212334114,0.013150783642586922,0.013931423767489343,0.01489221161352309,0.015272523469244783,0.01467203106547369,0.01483216237314598,0.014872195200064053,0.01555275325767129,0.016073180007606238
1.0,0.0,0.0,0.0,0.0,0.0,0.0,2.0014009806864805e-05,0.0,0.0,4.002801961372961e-05,0.0,0.00012008405884118884,0.00018012608826178326,0.0002601821274892425,0.000520364254978485,0.0006804763334334033,0.0013009106374462125,0.0019213449414590214,0.002641849294506154,0.0039427599319523665,0.005403782647853497,0.00612428700090063,0.008005603922745923,0.009086360452316622,0.010387271089762834,0.011648153707595315,0.013629540678474933,0.014169918943260284,0.015030521364955468,0.015871109776843792,0.016851796257380165,0.017932552786950866,0.018532973081156808,0.018953267287100967,0.019093365355749025,0.019853897728409887,0.020254177924547184,0.02085459821875313,0.020214149904933455,0.021194836385469828,0.021615130591413994,0.02169518663064145,0.021755228660062045
1.05,0.0,0.0,0.0,0.0,0.0,0.0,0.0,2.0027237042377632e-05,2.0027237042377632e-05,2.0027237042377632e-05,4.0054474084755265e-05,2.0027237042377632e-05,0.0001802451333813987,0.00034046302972041975,0.0007209805335255948,0.0013017704077545461,0.0018825602819834975,0.0029640310822718896,0.003705038852839862,0.005787871505247136,0.007630377313145878,0.009873427861892173,0.011275334454858607,0.013378194344308258,0.015781462789393574,0.017744132019546582,0.020007209805335255,0.02209004245774253,0.022110069694784906,0.023872466554514138,0.025254345910438195,0.02579508131058239,0.02741728751101498,0.028118240807498196,0.028538812785388126,0.03012096451173596,0.030721781623007288,0.03166306176399904,0.0323239605863975,0.03230393334935512,0.032944804934711205,0.03280461427541456,0.03394616678683009
1.1,0.0,2.004891936324632e-05,0.0,0.0,2.004891936324632e-05,0.0,6.014675808973897e-05,2.004891936324632e-05,0.0,4.009783872649264e-05,6.014675808973897e-05,4.009783872649264e-05,0.00022053811299570952,0.000561369742170897,0.0009422992100725771,0.001563815710333213,0.0024058703235895584,0.003789245759653555,0.0053530614699867675,0.007157464212678937,0.010806367536789768,0.0128112594731144,0.015618108183968882,0.018244516620554152,0.021352099121857333,0.023377039977545214,0.025642567865592047,0.028529612253899512,0.030173623641685715,0.03143670556157023,0.03374233128834356,0.036489033241108304,0.03715064758009543,0.0392156862745098,0.03903524600024059,0.04118048037210795,0.04204258390472754,0.04252375796944544,0.043145274469706084,0.04346605717951802,0.044428405308953846,0.04324551906652232,0.044187818276594897
1.15,0.0,2.0069440263311055e-05,0.0,0.0,2.0069440263311055e-05,0.0,0.0,2.0069440263311055e-05,0.0,6.0208320789933174e-05,6.0208320789933174e-05,0.00016055552210648844,0.0002809721636863548,0.0005619443273727095,0.0009834025729022417,0.0018062496236979952,0.003130832681076525,0.004595901820298232,0.006522568085576093,0.009392498043229574,0.013004997290625564,0.014971802436430046,0.018564232243562725,0.021554578842796074,0.025889577939671265,0.028759507897324742,0.03197061833945451,0.03582395087001023,0.03823228370160756,0.04142332470347402,0.04170429686716037,0.04431332410139081,0.04603929596403556,0.04802617055010336,0.04923033696590202,0.0508158227467036,0.05224075300539868,0.05356533606277721,0.052842836213298015,0.05460894695646939,0.05525116904489533,0.0562747104983242,0.056154293856744336
1.2,0.0,0.0,0.0,0.0,0.0,2.0134903855834088e-05,2.0134903855834088e-05,0.0,2.0134903855834088e-05,4.0269807711668176e-05,6.0404711567502274e-05,0.00012080942313500455,0.0005839122118191886,0.0007651263465216952,0.0013087687506292158,0.0026578073089701,0.004047115675022652,0.006060606060606061,0.008597603946441155,0.012382965871337965,0.017013993758179802,0.020215443471257425,0.024423638377126747,0.02895399174468942,0.033605154535387094,0.03787375415282392,0.04113560857746904,0.044840430886942506,0.04955199838920769,0.05156548877479109,0.05388100271821202,0.05760595993154133,0.05780730897009967,0.06129064733715897,0.06334440753045405,0.0642102083962549,0.06692842041679252,0.06783449109030505,0.06866002214839424,0.06982784657203263,0.0702909493607168,0.07039162387999598,0.0712976945535085
1.25,0.0,0.0,0.0,0.0,0.0,2.0160477400104834e-05,0.0,0.0,2.0160477400104834e-05,8.064190960041933e-05,0.00012096286440062901,0.0001814442966009435,0.00038304907060199186,0.0008064190960041934,0.0017539615338091209,0.0032861578162170883,0.004394984073222853,0.007660981412039837,0.010160880609652838,0.014233297044474014,0.020301600741905568,0.024837708156929154,0.030281037054957462,0.0346357001733801,0.039897584774807475,0.04521995080843514,0.05191322930526995,0.054272005161082215,0.05927180355630821,0.06279988710132656,0.0671545502197492,0.0705415104229668,0.07275916293697834,0.0755009878633926,0.07850489899600822,0.08023870005241725,0.08110560058062176,0.0826377968630297,0.08562154751824524,0.08570218942784565,0.08624652231764847,0.08789968146445708,0.08840369339945969
1.3,0.0,0.0,0.0,0.0,0.0,0.0,4.04236397445226e-05,4.04236397445226e-05,2.02118198722613e-05,6.063545961678389e-05,0.0001819063788503517,0.00024254183846713557,0.0005052954968065324,0.0009701673538685423,0.0018392756083757782,0.0035774921173902497,0.006043334141806129,0.008953836203411754,0.011318619128466328,0.01760449510873959,0.022879780095399788,0.029165656075673053,0.03460263562131134,0.03965559058937667,0.04660845662543455,0.05394534723906541,0.0587557603686636,0.06395019807583474,0.06900315304390008,0.07332848249656398,0.07817931926590671,0.08141321044546851,0.08351523971218368,0.0871129436494462,0.09168081494057724,0.09345945508933624,0.09438919880346026,0.0963497453310696,0.09752203088366078,0.09942194195165333,0.10109952300105102,0.1007963457029671,0.10287816314981002
1.35,0.0,0.0,0.0,0.0,0.0,0.0,2.0323963985935816e-05,4.064792797187163e-05,4.064792797187163e-05,8.129585594374326e-05,0.00010161981992967907,0.00034550738776090883,0.0009145783793671117,0.0010771700912545982,0.002418551714326362,0.0040444688332012275,0.006239456943682296,0.009450643253460156,0.01359673190659106,0.019165498038737475,0.025587870658293193,0.03308741336910351,0.03997723716033575,0.047923907078836654,0.05485437879804076,0.06389854277178221,0.07034123935532387,0.07487348332418754,0.07999512224864337,0.08666138243603032,0.09086844298111903,0.09507550352620775,0.09999390281080422,0.1039570757880617,0.1067821067821068,0.10964778570412374,0.11107046318313923,0.11505396012438267,0.11704570859500436,0.11901713310164015,0.1210901774282056,0.1211511493201634,0.12123244517610714
1.4,0.0,0.0,2.0387359836901124e-05,0.0,0.0,0.0,0.0,2.0387359836901124e-05,0.0,8.15494393476045e-05,0.00014271151885830786,0.0003261977573904179,0.0007951070336391437,0.001141692150866463,0.0024260958205912335,0.003975535168195719,0.0069520897043832824,0.010581039755351683,0.014617737003058106,0.022446483180428134,0.030417940876656474,0.03739041794087666,0.04572884811416922,0.05404689092762488,0.06195718654434251,0.06935779816513761,0.07757390417940876,0.08632008154943933,0.09206931702344547,0.09743119266055046,0.1035677879714577,0.10870540265035677,0.11312945973496431,0.11681957186544341,0.12173292558613659,0.12307849133537208,0.12654434250764526,0.13003058103975537,0.1310499490316004,0.13282364933741078,0.13522935779816514,0.13787971457696227,0.13708460754332313
1.45,0.0,2.055202745750868e-05,0.0,0.0,0.0,4.110405491501736e-05,0.0,2.055202745750868e-05,4.110405491501736e-05,2.055202745750868e-05,0.0001233121647450521,0.0003493844667776476,0.0009248412355878907,0.0013975378671105905,0.002589555459646094,0.0048091744250570315,0.007748114351480773,0.011344719156544794,0.016503278048379474,0.0239020079330826,0.03136239390015825,0.0392954764987566,0.048831617239040635,0.0579978214850895,0.06710236964876586,0.07744003945989271,0.08605133896458884,0.09277185194319419,0.10049941426721747,0.10798035226175062,0.11213186180816738,0.11899623897897528,0.12310664447047702,0.12768974659350144,0.13249892101855848,0.1349651643134595,0.13699981503175288,0.1401031711778367,0.14353535976324064,0.1465359557720369,0.1488583348747354,0.1508107774831987,0.1512012660048914
1.5,0.0,2.0644948181180067e-05,0.0,0.0,0.0,0.0,0.0,2.0644948181180067e-05,0.0,4.1289896362360134e-05,0.00014451463726826048,0.00033031917089888107,0.0009703125645154631,0.0014245014245014246,0.0027870680044593085,0.005305751682563277,0.008010239894297866,0.012903092613237542,0.017961104917626657,0.026033279656468063,0.03476609273710723,0.044324703744993595,0.05522523638465668,0.06393740451711466,0.07628308352946034,0.08447912795738882,0.09360419505347041,0.10464924233040174,0.11127627069656056,0.11757297989182047,0.12566579957884305,0.13093026136504396,0.13510054089764234,0.1426978818283166,0.14893265617903298,0.14959329452083076,0.15299971097072548,0.15624096783517072,0.1584912671869194,0.16350798959494614,0.16555183946488294,0.16854535695115405,0.16648086213303606
1.55,0.0,0.0,0.0,0.0,0.0,0.0,2.0804726833936668e-05,4.1609453667873336e-05,2.0804726833936668e-05,6.241418050181001e-05,0.00016643781467149334,0.0003536803561769234,0.0010194316148628968,0.0013731119710398204,0.002850247576249324,0.005076353347480547,0.009278908167935756,0.013710314983564266,0.0191195439603878,0.027691091415969704,0.036304248325219494,0.046852244830025376,0.059085424208380144,0.06713685349311364,0.0807847542961761,0.09031331918611908,0.09996671243706569,0.11084758457121457,0.1191486705779553,0.12603503515998835,0.13163150667831733,0.1387259185286897,0.14623642491574085,0.152436233512254,0.15582740398618566,0.16194399367536305,0.16381641909041736,0.16893438189156576,0.1703699080431074,0.17473890067823408,0.17902467440602507,0.17794282861066035,0.18145882744559563
1.6,0.0,0.0,0.0,0.0,0.0,0.0,2.0953817785600537e-05,2.0953817785600537e-05,2.0953817785600537e-05,4.190763557120107e-05,0.0001047690889280027,0.00039812253792641017,0.0010476908892800268,0.0015296286983488394,0.0036250104769088927,0.00548990025982734,0.00934540273237784,0.014667672449920377,0.02063951051881653,0.029565836895482357,0.040021791970497024,0.050226301232084485,0.06319671444137122,0.07159919537339703,0.08524013075182298,0.0970999916184729,0.10776548487134356,0.11941580756013746,0.12605816779817283,0.13404157237448663,0.14101919369709162,0.1487301986421926,0.1564621574050792,0.16266448746961695,0.16511608415053222,0.17121364512614198,0.17421004106948287,0.1797208951470958,0.18118766239208783,0.18617467102506077,0.1868032855586288,0.19189506328052972,0.19185315564495853
1.65,0.0,0.0,0.0,0.0,0.0,0.0,0.0,0.0,8.401596303297627e-05,6.30119722747322e-05,0.00021003990758244068,0.00027305187985717286,0.0009031716026044949,0.0019113631590002098,0.004011762234824617,0.00640621718126444,0.010270951480781347,0.015500945179584122,0.02220121823146398,0.03156899810964083,0.04183994959042218,0.05318210459987397,0.06733879437093047,0.07758874186095359,0.09067422810333964,0.10331863053980256,0.11279143037177064,0.12604494854022263,0.13675698382692714,0.14349926486032347,0.15154379332073095,0.16019743751312748,0.16683469859273262,0.17271581600504096,0.1790590212140307,0.18470909472799835,0.18888888888888888,0.19350976685570256,0.19447595043058183,0.19955891619407687,0.20384373030875869,0.20464188195757194,0.20688930896870406
1.7,0.0,0.0,0.0,0.0,0.0,0.0,0.0,2.1285653469561517e-05,2.1285653469561517e-05,4.257130693912303e-05,0.0002341421881651767,0.0003831417624521073,0.0013622818220519368,0.0017241379310344827,0.0035972754363558963,0.006555981268624947,0.01051511281396339,0.01615581098339719,0.02175393784589187,0.034163473818646234,0.04442315879097488,0.05649212430821626,0.06864623243933589,0.08041719880800341,0.09755214985100043,0.10668369518944232,0.12100893997445722,0.13273733503618562,0.142911877394636,0.1500638569604087,0.15900383141762453,0.1697530864197531,0.1739037888463176,0.18331204767986375,0.18784589186888037,0.19429544487015749,0.19693486590038314,0.2023201362281822,0.20544912728820774,0.20959982971477223,0.21181353767560665,0.21496381438910175,0.21455938697318008
1.75,0.0,2.1349729925916437e-05,0.0,2.1349729925916437e-05,0.0,0.0,0.0,2.1349729925916437e-05,2.1349729925916437e-05,4.2699459851832874e-05,0.00012809837955549862,0.00032024594888874653,0.0012596340656290698,0.0018360767736288136,0.003971049766220457,0.006319520058071265,0.011187258481180212,0.01703708448088132,0.02361280129806358,0.034757360319391965,0.04778069557420098,0.05948034757360319,0.07092380281389439,0.08548431862336942,0.10083477444010332,0.1140289075343197,0.12673199684023997,0.1383462499199385,0.1510706889557847,0.16091291445163217,0.1694741561519247,0.17822754542155042,0.18578534981532488,0.193663400157988,0.19759175046435662,0.20617434189457504,0.20939815111338841,0.21524797711308952,0.2187279830910139,0.221012404193087,0.22515425179871473,0.22735327398108415,0.2296376950831572
1.8,0.0,0.0,0.0,0.0,0.0,0.0,0.0,6.447453255963895e-05,0.0,6.447453255963895e-05,0.00027938964109176876,0.0004083387062110467,0.0012894906511927786,0.0021061680636148723,0.004169353105523319,0.0065764023210831725,0.011003653556845046,0.017966903073286054,0.024414356329249945,0.0366000429830217,0.04751773049645389,0.06099290780141844,0.07504835589941972,0.08893187191059532,0.10416935310552332,0.11826778422523103,0.13174296153019557,0.14661508704061896,0.15534064044702342,0.16563507414571244,0.1748334407908876,0.18560068772834729,0.1917042768106598,0.20384698044272512,0.2067698259187621,0.21480765097786372,0.2173651407693961,0.22411347517730495,0.227143778207608,0.23217279174725983,0.2349022136256179,0.23943692241564582,0.2405544809800129
1.85,0.0,0.0,0.0,0.0,2.1738185296291465e-05,2.1738185296291465e-05,0.0,4.347637059258293e-05,4.347637059258293e-05,0.00010869092648145731,0.00021738185296291463,0.0004565018912221208,0.0015216729707404027,0.00163036389722186,0.0037172296856658404,0.007304030259553933,0.010651710795182817,0.018020955610625625,0.02493369853484631,0.03786791878613974,0.05006304073735925,0.06286683187687492,0.07810529976957524,0.09325681492109039,0.11036476674927176,0.12312508151819486,0.13568975261945135,0.15294987174470676,0.1635146297987044,0.17416634059388722,0.18314421112125565,0.19364375461936437,0.20309986522325119,0.21251249945654535,0.21699056562758143,0.22359897395765402,0.22762053823746795,0.23498978305291077,0.23851136907090997,0.24181557323594624,0.24522846832746403,0.250076083648537,0.25259771314290685
1.9,0.0,0.0,0.0,0.0,0.0,2.195293291183702e-05,2.195293291183702e-05,2.195293291183702e-05,4.390586582367404e-05,8.781173164734808e-05,0.0001975763962065332,0.0003951527924130664,0.0014049877063575693,0.002348963821566561,0.004214963119072708,0.007200561995082543,0.01194239550403934,0.01791359325605901,0.02608008429926238,0.03905426765015806,0.051567439409905165,0.06625395152792414,0.07964524060414471,0.09428784685634001,0.11176238145416227,0.12794169301018618,0.14227695820161573,0.15457060063224448,0.1673691605198455,0.17827976817702842,0.18925623463294697,0.2001887952230418,0.20791622760800843,0.21641201264488938,0.22253688092729187,0.2309009483667018,0.23608184053389536,0.2427335792061819,0.2471461187214612,0.24984632946961713,0.2549174569722515,0.2568054092026695,0.2599007727432385
1.95,0.0,0.0,0.0,2.2058985727836237e-05,0.0,0.0,2.2058985727836237e-05,4.4117971455672474e-05,4.4117971455672474e-05,2.2058985727836237e-05,0.00022058985727836235,0.0005514746431959059,0.0015000110294928638,0.0020514856726887697,0.004433856131295083,0.007477996161736483,0.011911852293031567,0.01950014338340723,0.026206075044669444,0.04019147199611762,0.05318421458981316,0.06747843734145104,0.0841329715659674,0.09672865241656188,0.1157214391282289,0.129442128250943,0.14536871594644077,0.1600600004411797,0.17267774027750205,0.1844572386561666,0.19619261906337546,0.20581033684071207,0.2150751108464033,0.2239648820947213,0.23124434738490726,0.2366487988882271,0.2418767785057243,0.24880330002426487,0.25226656078353515,0.2572077735865705,0.26448723887675646,0.2665387245494452,0.2681710894933051
2.0,0.0,0.0,0.0,0.0,0.0,0.0,0.0,6.647168306301516e-05,4.431445537534344e-05,8.862891075068688e-05,0.00019941504918904548,0.0005760879198794647,0.0013515908889479749,0.0021714083133918282,0.003943986528405566,0.007799344146060445,0.01227510413897013,0.019631303731277142,0.027386333421962245,0.04037046884693787,0.05222458565984225,0.06866524860409466,0.08410883630240185,0.09928653726845697,0.12040237525480812,0.136001063546929,0.15093503500841976,0.16617920765753788,0.1778560666489409,0.18939998227421784,0.20267216165913324,0.21352920322609237,0.22119560400602678,0.2329832491358681,0.2387219711069751,0.24647700079766022,0.252769653460959,0.2584862182043783,0.2639368962155455,0.26599751839049895,0.2730435167951786,0.27379686253655944,0.2770096605512718
2.05,0.0,2.2329403358342264e-05,0.0,0.0,0.0,0.0,4.465880671668453e-05,6.69882100750268e-05,0.0,6.69882100750268e-05,0.00022329403358342268,0.00046891747052518756,0.0012951053947838516,0.002322257949267596,0.004689174705251875,0.007480350125044659,0.012057877813504822,0.02011879242586638,0.027934083601286172,0.04177831368345838,0.05573419078242229,0.07172204358699535,0.08954090746695248,0.10340746695248304,0.12144962486602358,0.1378394069310468,0.1563281529117542,0.16934619506966775,0.18564665952125758,0.197548231511254,0.20790907466952482,0.21706413004644518,0.2288987138263666,0.2402197213290461,0.2440827081100393,0.25395230439442656,0.2602045373347624,0.26748392282958194,0.2717711682743837,0.2768846016434441,0.27983208288674527,0.28260092890317967,0.28617363344051444
2.1,2.2517958071562072e-05,0.0,2.2517958071562072e-05,0.0,0.0,0.0,0.0,0.0,2.2517958071562072e-05,6.755387421468622e-05,0.00018014366457249657,0.0004728771195028035,0.0014411493165799724,0.002206759891013083,0.004863878943457407,0.00806142898961922,0.0137134364655813,0.020266162264405863,0.028169965547524153,0.0411403093967439,0.0562273413046905,0.07156207075142425,0.08892341642459861,0.10378526875182958,0.12243013803508297,0.14109752527640793,0.1565448445134995,0.17244252291202233,0.1846922921029521,0.1960413429710194,0.2071426963002995,0.21993289648494674,0.22875993604899905,0.2410322231980004,0.2474498412483956,0.25636695264473414,0.26208651399491095,0.26771600351280145,0.2734580828210498,0.27908757233894027,0.28242023013353146,0.2875318066157761,0.2903690693327929
2.15,0.0,0.0,0.0,0.0,0.0,0.0,2.2686540075773046e-05,2.2686540075773046e-05,2.2686540075773046e-05,6.805962022731914e-05,0.00027223848090927654,0.0004537308015154609,0.0014065654846979287,0.002472832868259262,0.004718800335760793,0.00880237754939994,0.013135506703872592,0.021801765012817897,0.029220263617595683,0.04394382812677239,0.05755575217223621,0.0727103609428526,0.09045123528210712,0.108055990380907,0.12743029560561717,0.14360579867964338,0.1609836883776855,0.17661471448989316,0.1904535039361147,0.2012069239320311,0.21631615962249598,0.22609405839515417,0.23680210531091905,0.24689761564463805,0.2533405930261576,0.26354953606025544,0.26765579981397036,0.27632205812291566,0.28079130651784295,0.2866217473173166,0.28929875904625785,0.29415367862247327,0.2981011365956578
2.2,0.0,0.0,0.0,0.0,0.0,0.0,2.27826760531292e-05,4.55653521062584e-05,2.27826760531292e-05,4.55653521062584e-05,0.0002506094365844212,0.00043287084500945474,0.001572004647665915,0.002506094365844212,0.005126102111954071,0.007654979153851413,0.014170824505046363,0.021575194222313354,0.02909347731984599,0.04460847971202697,0.0584375640762764,0.0736563916797667,0.09154079238147313,0.11004032533661405,0.1281297701227986,0.14626478026108947,0.16635910053994943,0.1810539265942178,0.19572596997243297,0.2068211332103069,0.2198756065887499,0.23151755405189892,0.24336454559952614,0.2528877041897341,0.26108946756886064,0.2702253206661655,0.27555646686259766,0.28403162235436175,0.28542136559360265,0.2922789510855945,0.29642539812726404,0.3022577631968651,0.3051511630556125
